Feature,Importance
MA_7,0.9954059274477941
MA_30,0.004109752646192329
RSI,0.0003184016659030371
Volatility,8.492656195678768e-05
Volume,8.09916781537968e-05
