Feature,Importance
MA_7,0.9959404707280556
MA_30,0.0035757148710940535
RSI,0.00031800717573485894
Volatility,8.452072848108359e-05
Volume,8.128649663438877e-05
