Model,RMSE,MAE
LSTM,99.81068016500038,76.44284057617188
RF,121.88869056243308,98.1558363931312
XGB,123.57203507089498,100.23967742919922
